source,snr_db,in_band_snr_db,mode,weighting,median_err_deg,p95_err_deg,fail_rate,trials
drone,-20,-19.632485221146464,0,GCC (no weighting),52.863548278808594,158.35033769607543,0.8981481481481481,108
drone,-20,-19.632485221146464,1,PHAT full band,66.55045700073242,163.72301177978517,0.9351851851851852,108
drone,-20,-19.632485221146464,2,PHAT 300-7500 Hz,55.34754180908203,175.17532510757445,0.7870370370370371,108
drone,-20,-19.632485221146464,3,"PHAT-beta 0.7, 300-7500 Hz",47.991485595703125,173.38858642578126,0.75,108
drone,-15,-14.632485221146464,0,GCC (no weighting),5.644951820373535,123.69396553039536,0.5185185185185185,108
drone,-15,-14.632485221146464,1,PHAT full band,6.313667297363281,158.60002479553208,0.5555555555555556,108
drone,-15,-14.632485221146464,2,PHAT 300-7500 Hz,3.129913330078125,123.44964523315429,0.4351851851851852,108
drone,-15,-14.632485221146464,3,"PHAT-beta 0.7, 300-7500 Hz",3.047149658203125,111.30288429260251,0.42592592592592593,108
drone,-10,-9.632485221146464,0,GCC (no weighting),2.30657958984375,15.692537117004393,0.17592592592592593,108
drone,-10,-9.632485221146464,1,PHAT full band,2.8522415161132812,50.9966850280761,0.25,108
drone,-10,-9.632485221146464,2,PHAT 300-7500 Hz,1.2367820739746094,26.355496978759735,0.12037037037037036,108
drone,-10,-9.632485221146464,3,"PHAT-beta 0.7, 300-7500 Hz",1.139373779296875,7.116734695434567,0.08333333333333333,108
drone,-5,-4.632485221146464,0,GCC (no weighting),1.0579376220703125,5.357159805297847,0.06481481481481481,108
drone,-5,-4.632485221146464,1,PHAT full band,1.5423011779785156,11.300355529785143,0.1388888888888889,108
drone,-5,-4.632485221146464,2,PHAT 300-7500 Hz,0.7373733520507812,2.9591938018798825,0.027777777777777776,108
drone,-5,-4.632485221146464,3,"PHAT-beta 0.7, 300-7500 Hz",0.7392730712890625,2.9591938018798825,0.009259259259259259,108
drone,0,0.36751477885353645,0,GCC (no weighting),0.4755373001098633,2.527995300292968,0.009259259259259259,108
drone,0,0.36751477885353645,1,PHAT full band,0.8063507080078125,3.5655990600585934,0.027777777777777776,108
drone,0,0.36751477885353645,2,PHAT 300-7500 Hz,0.30199527740478516,1.679888916015624,0.009259259259259259,108
drone,0,0.36751477885353645,3,"PHAT-beta 0.7, 300-7500 Hz",0.29892730712890625,1.2614250183105462,0.009259259259259259,108
drone,10,10.367514778853536,0,GCC (no weighting),0.19136428833007812,0.5945343017578124,0.0,108
drone,10,10.367514778853536,1,PHAT full band,0.41014719009399414,1.3850284576416014,0.0,108
drone,10,10.367514778853536,2,PHAT 300-7500 Hz,0.19136428833007812,0.5657166481018066,0.0,108
drone,10,10.367514778853536,3,"PHAT-beta 0.7, 300-7500 Hz",0.18162918090820312,0.5657166481018066,0.0,108
white,-20,-15.049918210148174,0,GCC (no weighting),8.640936851501465,156.65226955413817,0.5925925925925926,108
white,-20,-15.049918210148174,1,PHAT full band,18.440673828125,144.0413928985595,0.6944444444444444,108
white,-20,-15.049918210148174,2,PHAT 300-7500 Hz,3.66717529296875,142.89544830322262,0.4351851851851852,108
white,-20,-15.049918210148174,3,"PHAT-beta 0.7, 300-7500 Hz",2.948488235473633,138.63337707519528,0.37037037037037035,108
white,-15,-10.049918210148174,0,GCC (no weighting),1.6944808959960938,4.473126602172851,0.018518518518518517,108
white,-15,-10.049918210148174,1,PHAT full band,1.9262008666992188,5.396355819702146,0.08333333333333333,108
white,-15,-10.049918210148174,2,PHAT 300-7500 Hz,0.8124008178710938,2.753381347656249,0.0,108
white,-15,-10.049918210148174,3,"PHAT-beta 0.7, 300-7500 Hz",0.7859725952148438,2.4417270660400376,0.0,108
white,-10,-5.049918210148175,0,GCC (no weighting),0.7245559692382812,2.5028449773788446,0.0,108
white,-10,-5.049918210148175,1,PHAT full band,1.093048095703125,2.611280822753906,0.0,108
white,-10,-5.049918210148175,2,PHAT 300-7500 Hz,0.4972381591796875,1.3987216949462873,0.0,108
white,-10,-5.049918210148175,3,"PHAT-beta 0.7, 300-7500 Hz",0.4972381591796875,1.204082107543945,0.0,108
white,-5,-0.04991821014817521,0,GCC (no weighting),0.3139495849609375,0.9399414062499992,0.0,108
white,-5,-0.04991821014817521,1,PHAT full band,0.5314483642578125,1.6579559326171873,0.0,108
white,-5,-0.04991821014817521,2,PHAT 300-7500 Hz,0.24365234375,0.7075622558593749,0.0,108
white,-5,-0.04991821014817521,3,"PHAT-beta 0.7, 300-7500 Hz",0.23557281494140625,0.7270599365234373,0.0,108
white,0,4.950081789851825,0,GCC (no weighting),0.16913831233978271,0.5438461303710933,0.0,108
white,0,4.950081789851825,1,PHAT full band,0.385772705078125,1.1615731239318838,0.0,108
white,0,4.950081789851825,2,PHAT 300-7500 Hz,0.16913831233978271,0.5453102111816398,0.0,108
white,0,4.950081789851825,3,"PHAT-beta 0.7, 300-7500 Hz",0.16913831233978271,0.5534172058105463,0.0,108
white,10,14.950081789851826,0,GCC (no weighting),0.184600830078125,0.530873107910156,0.0,108
white,10,14.950081789851826,1,PHAT full band,0.3002166748046875,0.7862018585205076,0.0,108
white,10,14.950081789851826,2,PHAT 300-7500 Hz,0.184600830078125,0.530873107910156,0.0,108
white,10,14.950081789851826,3,"PHAT-beta 0.7, 300-7500 Hz",0.19048309326171875,0.557948303222656,0.0,108
