S_arrays,pipeline,median_ms,p95_ms,min_ms,n,first_ms,reduced_reps,meets_deadline_p95
1,cpu1t,4.845306999925469,5.923111400062452,4.411497999967651,30,6.325385000081951,False,True
1,cpumt,5.383986000026653,7.505844600018462,3.562372000033065,30,4.461839999976291,False,True
1,hybrid,2.799196500063772,5.136936650029611,2.5982560000556987,30,207.5859159999709,False,True
1,gpu,0.5919865000123536,0.6948152999257217,0.5109579999498237,30,1.7962839999654534,False,True
1,gpu_pinned,0.5652069999655396,0.6731225500288929,0.4799299999831419,30,0.7563140000002022,False,True
2,cpu1t,4.397245999996358,4.8341031999655115,4.10873900000297,30,5.019074999950135,False,True
2,cpumt,4.638198499947066,10.450770650010098,4.197611999984474,30,5.21251099996789,False,True
2,hybrid,4.218730000047799,7.994643549989172,3.884562000052938,30,4.830136999999013,False,True
2,gpu,0.6031124999594795,0.7182482999667172,0.5186979999507457,30,1.7711089999465912,False,True
2,gpu_pinned,0.550804500051072,0.6016859499766269,0.47592500004611793,30,0.5840439999929004,False,True
4,cpu1t,6.7941065000241,8.072473549970022,6.361771999991106,30,6.7243710000184365,False,True
4,cpumt,6.4484670000410915,6.890534399940406,6.180374999985361,30,6.49638100003358,False,True
4,hybrid,6.237596999994821,11.673677249956425,5.6379940000397255,30,6.706824000048073,False,True
4,gpu,0.6420295000566512,0.683030199974155,0.5728510000153619,30,1.993164999930741,False,True
4,gpu_pinned,0.5626930000062202,0.9129117999691516,0.4938329999504276,30,0.7679320000306689,False,True
8,cpu1t,12.42945800004236,15.173834250020944,11.388687000021491,30,12.93224900007317,False,True
8,cpumt,15.72273099998256,20.03453629998261,13.376371000049403,30,16.770213999961925,False,True
8,hybrid,10.563310999941677,11.157562049999115,9.791563999897335,30,11.481939000077546,False,True
8,gpu,0.6989104999775009,0.7836192000468145,0.6323180000435968,30,1.8992299999354145,False,True
8,gpu_pinned,0.5442209999841907,0.6099879000032615,0.5036989999780417,30,0.6161569999676431,False,True
16,cpu1t,24.355307999996967,29.606469500004092,22.79776000000311,30,23.78117899991139,False,True
16,cpumt,26.07133200001499,30.194740449957177,23.020512000016424,30,24.377821000030053,False,True
16,hybrid,21.882179999977325,26.53204260000734,19.69073699990531,30,27.42106200003036,False,True
16,gpu,0.9256795000283091,1.0761289499669147,0.8678020000161268,30,2.09385999994538,False,True
16,gpu_pinned,0.6679265000002488,0.7377150499735308,0.6329259999802161,30,0.7354159999977128,False,True
32,cpu1t,47.39257299991095,57.922559150011914,44.471049000094354,30,48.169484000027296,False,False
32,cpumt,47.58693899998434,52.410906650015924,43.30515700007709,30,44.26729299996168,False,False
32,hybrid,61.99217350001618,70.64228104998733,40.56165999998029,30,41.12409499998648,False,False
32,gpu,1.4879530000371233,1.5467024500196658,1.4527200000884477,30,2.816907999999785,False,True
32,gpu_pinned,1.099704000012025,1.1200685500512009,1.0827579999386217,30,1.1185939999904804,False,True
64,cpu1t,97.71503399997528,152.8865577999909,92.93975299999602,19,138.22328100002323,False,False
64,cpumt,89.1411469999639,102.99067290002313,84.6029260000023,23,88.23655799994867,False,False
64,hybrid,85.03798100002768,92.5284997999654,82.0933549999836,24,113.51663699997516,False,False
64,gpu,2.473839999993288,2.597389099992142,2.4272130000326797,30,3.8532539999778237,False,True
64,gpu_pinned,1.9188429999985601,1.988686499925052,1.8889640000452346,30,1.983346999963942,False,True
128,cpu1t,191.13220300005196,210.04437849995838,187.94455500005824,11,209.47278599999208,False,False
128,cpumt,255.4955760000439,275.5882584499659,219.39455899996574,10,173.08166700001948,False,False
128,hybrid,168.93374949995632,181.56656600003203,161.52625900008388,12,174.2160449999801,False,False
128,gpu,4.593147500031591,4.7016190999897844,4.539453000006688,30,6.158519999985401,False,True
128,gpu_pinned,3.0786245000626877,3.6612355499642035,3.0426780000425424,30,3.6146339999731936,False,True
256,gpu,7.895925000013904,8.456709799992268,7.79539500001647,30,8.915344999991248,False,True
256,gpu_pinned,5.937557500033108,5.954821550022871,5.9224820000736145,30,5.976519000000735,False,True
512,gpu,15.983061000042653,16.733689350007808,15.73254499999166,30,16.905565000001843,False,True
512,gpu_pinned,11.71748550001439,11.74836570000366,11.694603000023562,30,11.770542000022033,False,True
1024,gpu,31.919781999988572,33.72162974995376,31.67623900003491,30,35.33899600006407,False,True
1024,gpu_pinned,23.211210499994195,23.26491335005585,23.128633000055743,30,23.31243200001154,False,True
2048,gpu,63.5942740000246,65.28441140001746,63.147102000016275,30,64.68495199999325,False,False
2048,gpu_pinned,46.312856499980626,46.44395205000933,46.21644600001673,30,46.400484000059805,False,False
