layout,block,median_ms,p95_ms,min_ms,n,first_ms,reduced_reps,inner_R,single_wall_ms,dispatch_overhead_ms
[A][P] scan_ap,32,0.5267840027809143,0.5275215983390809,0.5253120064735413,30,0.5625600218772888,False,2,0.5755929999509135,0.0488089971699992
[P][A] scan_pa,32,0.4960746765136719,0.49694931507110596,0.49245866139729816,30,0.5464000105857849,False,3,0.508183999954781,0.012109323441109154
[A][P] scan_ap,64,0.3351893424987793,0.3371690730253855,0.33450667063395184,30,0.3665280044078827,False,3,0.3630540000472138,0.02786465754843448
[P][A] scan_pa,64,0.2762199938297272,0.29706999808549883,0.2693119943141937,30,0.29900801181793213,False,4,0.28314600007206536,0.00692600624233819
[A][P] scan_ap,128,0.34560533364613855,0.36475681463877363,0.3426986535390218,30,0.3686400055885315,False,3,0.3571995000015704,0.011594166355431867
[P][A] scan_pa,128,0.27322399616241455,0.2846179991960526,0.26953598856925964,30,0.297760009765625,False,4,0.2846800000497751,0.011456003887360566
[A][P] scan_ap,256,0.35752000411351526,0.3603152016798655,0.35677866141001385,30,0.38870400190353394,False,3,0.37160199997288146,0.014081995859366203
[P][A] scan_pa,256,0.2746559977531433,0.2821887999773025,0.27209600806236267,30,0.31334400177001953,False,4,0.2875249999760854,0.012869002222942072
[A][P] scan_ap,512,0.38856532176335656,0.4062218685944875,0.3859626849492391,30,0.41414400935173035,False,3,0.4005645000120239,0.011999178248667364
[P][A] scan_pa,512,0.2780119925737381,0.295149601995945,0.27531999349594116,30,0.2990399897098541,False,4,0.29070650003859555,0.012694507464857452
[A][P] scan_ap,1024,0.4364800055821737,0.46619891524314877,0.430186669031779,30,0.45875200629234314,False,3,0.4478220000123656,0.011341994430191904
[P][A] scan_pa,1024,0.2846440076828003,0.2974468007683754,0.2826240062713623,30,0.33190399408340454,False,4,0.2982259999839698,0.013581992301169521
