F,A,pipeline,segment,median_ms,p95_ms
64,360,cpu1t,gcc,88.89231399996333,130.81126979999453
64,360,cpu1t,scan,3.850939000017206,6.190424400006123
64,360,cpu1t,total,92.63395200002833,136.56806830001642
64,360,cpumt,gcc,82.23036199990474,122.9154241000401
64,360,cpumt,scan,3.6865480000187745,7.534726999972461
64,360,cpumt,total,85.58504199993422,129.9113870999349
64,360,hybrid,gcc,91.95127199996023,148.4482961000026
64,360,hybrid,h2d,0.20131200551986694,0.2393184036016464
64,360,hybrid,scan,0.03916800022125244,0.04011839888989925
64,360,hybrid,argmax,0.012319999746978283,0.012393600028008222
64,360,hybrid,d2h,0.09416699992925714,0.11630440000089946
64,360,hybrid,total,93.56568000009702,127.22947269999167
64,360,hybrid,host_gap,0.0,4.748169601886996
64,360,gpu,h2d,1.0288640260696411,1.1365984082221985
64,360,gpu,fft,0.23148800432682037,0.23363520354032516
64,360,gpu,phat,0.2062399983406067,0.20684799551963806
64,360,gpu,ifft,0.857151985168457,0.85969278216362
64,360,gpu,extract,0.010847999714314938,0.0118687997572124
64,360,gpu,scan,0.03996799886226654,0.04057599976658821
64,360,gpu,argmax,0.012319999746978283,0.012361600063741207
64,360,gpu,d2h,0.07869399996707216,0.09687029995575354
64,360,gpu,total,2.53294599997389,2.774036799962687
64,360,gpu,host_gap,0.07342797238379717,0.22643833051679382
64,360,gpu_pinned,h2d,0.3689279854297638,0.3756255954504013
64,360,gpu_pinned,fft,0.2314240038394928,0.23347200453281403
64,360,gpu_pinned,phat,0.20633600652217865,0.20673919469118118
64,360,gpu_pinned,ifft,0.8562880158424377,0.8581120014190674
64,360,gpu_pinned,extract,0.011264000087976456,0.011795200128108262
64,360,gpu_pinned,scan,0.039903998374938965,0.04070399962365627
64,360,gpu_pinned,argmax,0.01228800043463707,0.012361600063741207
64,360,gpu_pinned,d2h,0.051286000029904244,0.08115939997423993
64,360,gpu_pinned,total,1.8253829999821392,1.878716099997746
64,360,gpu_pinned,host_gap,0.05366397713714832,0.07609049296461307
64,1440,cpu1t,gcc,85.3691649999746,95.92707269996481
64,1440,cpu1t,scan,13.680832999966697,15.859827600002063
64,1440,cpu1t,total,99.39964499994858,110.91892110006256
64,1440,cpumt,gcc,82.63577500008523,95.06308830000307
64,1440,cpumt,scan,13.101677000008749,14.975252899932912
64,1440,cpumt,total,96.31732399998327,107.92548289996375
64,1440,hybrid,gcc,88.16188399998737,94.3968722000136
64,1440,hybrid,h2d,0.2003519982099533,0.2412672013044357
64,1440,hybrid,scan,0.09536000341176987,0.09803520143032074
64,1440,hybrid,argmax,0.01408000010997057,0.014336000196635723
64,1440,hybrid,d2h,0.08148199992774607,0.11062950001132776
64,1440,hybrid,total,89.69331499997679,106.83696329998611
64,1440,hybrid,host_gap,0.8038769973300077,15.790418596950436
64,1440,gpu,h2d,1.0191999673843384,1.063433587551117
64,1440,gpu,fft,0.23155200481414795,0.2332032024860382
64,1440,gpu,phat,0.20652799308300018,0.20685759782791138
64,1440,gpu,ifft,0.8566399812698364,0.8592255890369416
64,1440,gpu,extract,0.010912000201642513,0.012083199806511402
64,1440,gpu,scan,0.09657599776983261,0.09901439920067787
64,1440,gpu,argmax,0.014303999952971935,0.014336000196635723
64,1440,gpu,d2h,0.077506000025096,0.09947439999677954
64,1440,gpu,total,2.5809509999135116,2.7320911999709097
64,1440,gpu,host_gap,0.05199294816975453,0.21168751333525487
64,1440,gpu_pinned,h2d,0.37171199917793274,0.3756256073713303
64,1440,gpu_pinned,fft,0.23158399760723114,0.2342208057641983
64,1440,gpu_pinned,phat,0.20601600408554077,0.20669439435005188
64,1440,gpu_pinned,ifft,0.8575040102005005,0.8582943856716156
64,1440,gpu_pinned,extract,0.010816000401973724,0.011529600247740746
64,1440,gpu_pinned,scan,0.09625600278377533,0.0978015974164009
64,1440,gpu_pinned,argmax,0.014336000196635723,0.014336000196635723
64,1440,gpu_pinned,d2h,0.050568999995448394,0.07109619995162575
64,1440,gpu_pinned,total,1.8912040000031993,1.9568130000266137
64,1440,gpu_pinned,host_gap,0.0508030380397031,0.09765520589971856
64,7200,cpu1t,gcc,83.90517099996941,128.29192600003125
64,7200,cpu1t,scan,71.76993499990658,107.42738450004478
64,7200,cpu1t,total,155.48176499999045,231.7216852999877
64,7200,cpumt,gcc,79.16853500000798,112.49809269999105
64,7200,cpumt,scan,65.53162800003065,113.55979250002974
64,7200,cpumt,total,142.8651720000289,224.28320540003597
64,7200,hybrid,gcc,95.96689399995739,129.41806700000598
64,7200,hybrid,h2d,0.206496000289917,0.2725664019584655
64,7200,hybrid,scan,0.4180479943752289,0.41995520889759064
64,7200,hybrid,argmax,0.02252800017595291,0.024758399464190003
64,7200,hybrid,d2h,0.0872189999654438,0.11145789998181498
64,7200,hybrid,total,87.6254649999737,132.8100299999619
64,7200,hybrid,host_gap,0.0,8.981266613032938
64,7200,gpu,h2d,1.0425280332565308,1.1177184224128722
64,7200,gpu,fft,0.2314240038394928,0.23331519812345505
64,7200,gpu,phat,0.20633600652217865,0.20685759782791138
64,7200,gpu,ifft,0.8564479947090149,0.8588351786136628
64,7200,gpu,extract,0.010847999714314938,0.0118495998904109
64,7200,gpu,scan,0.4206719994544983,0.42163199484348296
64,7200,gpu,argmax,0.02252800017595291,0.023071999475359917
64,7200,gpu,d2h,0.06865099999231461,0.09448999995811391
64,7200,gpu,total,2.930684000034489,3.0776485999922443
64,7200,gpu,host_gap,0.08003708567139256,0.19394317155019958
64,7200,gpu_pinned,h2d,0.36160001158714294,0.3709599941968918
64,7200,gpu_pinned,fft,0.231455996632576,0.23347200453281403
64,7200,gpu_pinned,phat,0.206496000289917,0.20685759782791138
64,7200,gpu_pinned,ifft,0.8575680255889893,0.8581695914268493
64,7200,gpu_pinned,extract,0.010847999714314938,0.011689600255340337
64,7200,gpu_pinned,scan,0.4203839898109436,0.42186558842658994
64,7200,gpu_pinned,argmax,0.02252800017595291,0.022729599848389626
64,7200,gpu_pinned,d2h,0.05198600001676823,0.0875616999792328
64,7200,gpu_pinned,total,2.209000999982891,2.2722333999809052
64,7200,gpu_pinned,host_gap,0.05076701280722773,0.07290460931462801
1024,1440,cpu1t,gcc,1740.4800020000266,2036.3269798000372
1024,1440,cpu1t,scan,220.1340290000644,301.2467015999959
1024,1440,cpu1t,total,1950.5244519999678,2336.6240896000245
1024,1440,cpumt,gcc,1481.1055440000018,1798.6400516000003
1024,1440,cpumt,scan,206.58050600002298,305.40184499998304
1024,1440,cpumt,total,1671.4759220000133,2104.0418965999834
1024,1440,hybrid,gcc,1742.4262019999333,2140.5685740999957
1024,1440,hybrid,h2d,1.4102400541305542,1.559388780593872
1024,1440,hybrid,scan,1.3598719835281372,1.3601663947105407
1024,1440,hybrid,argmax,0.12505599856376648,0.12579840421676636
1024,1440,hybrid,d2h,0.09701700003006408,0.12242569996487872
1024,1440,hybrid,total,1706.3549430000648,2185.011556799986
1024,1440,hybrid,host_gap,0.0,495.7639083224364
1024,1440,gpu,h2d,14.473471641540527,16.484560394287108
1024,1440,gpu,fft,3.249824047088623,3.2505279541015626
1024,1440,gpu,phat,3.1866559982299805,3.1869248390197753
1024,1440,gpu,ifft,13.338624000549316,13.348124599456787
1024,1440,gpu,extract,0.07699199765920639,0.07731200009584427
1024,1440,gpu,scan,1.36080002784729,1.3628608226776122
1024,1440,gpu,argmax,0.12563200294971466,0.12610240131616593
1024,1440,gpu,d2h,0.08096800002022064,0.15058619995897965
1024,1440,gpu,total,35.8651709999549,37.5058569999851
1024,1440,gpu,host_gap,0.0,0.23460487379506956
1024,1440,gpu_pinned,h2d,5.476672172546387,5.499907398223877
1024,1440,gpu_pinned,fft,3.2481279373168945,3.2494527101516724
1024,1440,gpu_pinned,phat,3.186367988586426,3.18668794631958
1024,1440,gpu_pinned,ifft,13.338591575622559,13.348476791381836
1024,1440,gpu_pinned,extract,0.07718399912118912,0.07731520012021065
1024,1440,gpu_pinned,scan,1.3615039587020874,1.3635456323623658
1024,1440,gpu_pinned,argmax,0.1252480000257492,0.12611519396305085
1024,1440,gpu_pinned,d2h,0.07365500005107606,0.1485671999489568
1024,1440,gpu_pinned,total,26.92310300005829,27.041140899996208
1024,1440,gpu_pinned,host_gap,0.049219350564271735,0.07475636988792757
