F,A,W_lookups,calibration_point,cpu1t_median_ms,cpu1t_p95_ms,cpu1t_min_ms,cpu1t_n,cpu1t_first_ms,cpu1t_reduced_reps,cpumt_median_ms,cpumt_p95_ms,cpumt_min_ms,cpumt_n,cpumt_first_ms,cpumt_reduced_reps,kernel_median_ms,kernel_p95_ms,kernel_min_ms,kernel_n,kernel_first_ms,kernel_reduced_reps,kernel_inner_R,kernel_single_wall_ms,kernel_dispatch_overhead_ms,e2e_median_ms,e2e_p95_ms,e2e_min_ms,e2e_n,e2e_first_ms,e2e_reduced_reps,pred_e2e_ms,pred_cpu1t_ms,pred_cpumt_ms,speedup_e2e_vs_cpu1t,speedup_kernel_vs_cpu1t,gpu_wins_cpu1t,pred_gpu_wins_cpu1t,speedup_e2e_vs_cpumt,speedup_kernel_vs_cpumt,gpu_wins_cpumt,pred_gpu_wins_cpumt,pred_e2e_err_pct
1,36,1008,True,0.007891499990364537,0.008253950005610022,0.007729000003564579,30,0.020489999997153063,False,0.012866000020039792,0.021053650021940457,0.012083999990863958,30,0.07405600001675339,False,0.008290612271853855,0.008313518397662104,0.008171102222131223,30,0.052799999713897705,False,98,0.021688000003905472,0.013397387732051617,0.043319999974755774,0.055843950048029,0.04102100001546205,30,0.14634800004387216,False,0.05454049994568777,0.006426999959785462,0.012151000021276559,0.1821675899114316,0.9518597338287932,False,False,0.29699907727463765,1.551875735851152,False,False,25.901431157596058
1,90,2520,False,0.013293000051817216,0.021183199964980286,0.013075000083517807,30,0.029432000019369298,False,0.019532500004970643,0.02079269999626376,0.018508999914956803,30,0.07874000004903792,False,0.00836090697455652,0.008371925999208824,0.008339794026207678,30,0.05961599946022034,False,97,0.021526000011817814,0.013165093037261294,0.041882999994413694,0.051318199996330804,0.03962899995713087,30,0.12023399995086947,False,0.05464319987419562,0.014346326250921144,0.019840429598723286,0.3173841428166612,1.5898992887099195,False,False,0.466358665988011,2.3361699950030466,False,False,30.466298692748534
1,360,10080,False,0.049004499999227846,0.06590395001353498,0.04885000009835494,30,0.07937700002003112,False,0.055056500059436075,0.06729644999268203,0.05015900001126283,30,0.14170700001159275,False,0.00954338482448033,0.009616334294224833,0.009519823959895543,30,0.050335999578237534,False,91,0.022983999940606736,0.013440615116126407,0.04659299997911148,0.06124499993802601,0.04319699996813142,30,0.10116599992215924,False,0.055156699516734846,0.05394295770659956,0.05828757748595693,1.0517567021054126,5.134918155403663,True,False,1.1816474595780255,5.769074712172062,True,True,18.379798556569938
1,1440,40320,False,0.3621820000034859,0.4085629500536924,0.3212919999668884,30,0.4046760000164795,False,0.3787935000332254,0.4245187499634539,0.3411579999692549,30,0.4107259999273083,False,0.009178988186709851,0.009196414574083076,0.009130795317960072,30,0.06841599941253662,False,83,0.02942899999425208,0.02025001180754223,0.05746950000684592,0.077170800057047,0.056074999974953244,30,0.1569849999896178,False,0.05721069808689177,0.21232948352931322,0.2120761690348915,6.302160275630409,39.45772591012645,True,True,6.591209249916957,41.267456971093615,True,True,-0.45032916577196835
1,3600,100800,False,0.48575199997458185,0.5725938500006578,0.4783030000226063,30,0.5111640000450279,False,0.502293500005635,0.529439199931403,0.45434000003297115,30,0.590733999956683,False,0.009279999881982803,0.009282699910302958,0.009258999799688658,30,0.05375999957323074,False,96,0.02284149996967244,0.013561500087689637,0.04571750002924091,0.05655794998347119,0.04179499990186741,30,0.13706499998988875,False,0.0613186952272056,0.5291025351747405,0.5196533521327605,10.625077916856672,52.343966180179955,True,True,10.98689778934474,54.126455430332705,True,True,34.12521504453692
1,7200,201600,False,1.6078924999760602,1.8936729000131431,1.131356999962918,30,1.786433000006582,False,1.8448914999567023,2.062934649967474,1.7562350000162041,30,1.827321999940068,False,0.009947428336510291,0.009965274851400774,0.009939340444711538,30,0.09139200299978256,False,91,0.02924799997572336,0.019300571639213067,0.06504099997073354,0.07672174992876533,0.06354700008159853,30,0.18869899997753237,False,0.06816535712772866,1.0570576212504528,1.0322819906292091,24.721214321728798,161.6390131783682,True,True,28.365054362430577,185.46416596793682,True,True,4.803673311297466
4,1440,161280,False,1.3134440000044378,1.441244649959117,0.7709059999569945,30,0.880534999964766,False,0.8389380000721758,0.9327160999703209,0.7271620000892653,30,0.914082999997845,False,0.011014800146222116,0.011033599823713302,0.010994800180196763,30,0.0629120022058487,False,80,0.02543800007970276,0.014423199933480645,0.05458350000253631,0.07089165001161743,0.051525000003493915,30,0.18772200007788342,False,0.0689115340366108,0.8458755868201678,0.8272305352306297,24.063022707290784,119.24356162330609,True,True,15.369809558441528,76.1646138772583,True,True,26.249753191731394
16,36,16128,False,0.07807899999079382,0.09006189999922752,0.07782199998018768,30,0.12008099997729005,False,0.07881300001599811,0.1021189499567754,0.07707800000389398,30,0.14792900003612885,False,0.009135460585690616,0.009148763806632395,0.009130786643939072,30,0.05119999870657921,False,89,0.024161499993624602,0.015026039407933987,0.06093799993323046,0.0749999999868578,0.059777000046778994,30,0.14451499998813233,False,0.07299170757622299,0.08562026287114229,0.08904529579574383,1.2812858983941824,8.54680497588631,True,True,1.2933309281951038,8.627151228636171,True,True,19.78028103350903
16,360,161280,False,0.7789950000187673,0.8328907000304753,0.7681229999434436,30,0.9020510000254944,False,0.8208284999682292,0.8742744999722163,0.7231569999248677,30,0.89133699998456,False,0.010163317002901217,0.010182478151670315,0.01013814603410116,30,0.057760000228881836,False,82,0.023634499996205705,0.013471182993304487,0.06506849996412711,0.08014949996777432,0.06308000001808978,30,0.16333799999301846,False,0.0828509007129762,0.8458755868201678,0.8272305352306297,11.971921904581091,76.64771253286655,True,True,12.614836678588867,80.7638391810386,True,True,27.328739341851573
16,1440,645120,True,3.218642499973612,3.542419850037959,3.088967999929082,30,3.4809520000180783,False,3.1843055000422282,3.4595393000131476,3.0156290000604713,30,5.237823000015851,False,0.013878095244604444,0.01390928238157242,0.013815873199039035,30,0.08870399743318558,False,63,0.02743699997154181,0.013558904726937365,0.09279549999519077,0.10709570000244636,0.09042700003192294,30,0.1855790000035995,False,0.11571487783548687,3.3800599999835863,3.287848000013583,34.685329570296204,231.9224968012064,True,True,34.31530085195143,229.44831001071486,True,True,24.698803111663736
16,3600,1612800,False,8.201542999984213,9.633756750037037,7.7043620000267765,30,8.499845999949684,False,8.401454000022568,9.163601700055324,7.664646000080211,30,8.320231000084277,False,0.026322742870875767,0.026375588519232614,0.02622080019542149,30,0.11283200234174728,False,35,0.03967999998621963,0.01335725711534386,0.15147250002200963,0.17521305005629983,0.1395040000033987,30,0.26802200000020093,False,0.1814428320805082,8.448428826310423,8.209082929579488,54.145425729373265,311.5763064744531,True,True,55.46520984866427,319.17091775865714,True,True,19.7859889116135
64,36,64512,False,0.31748249995189326,0.3394077999644196,0.3078949999917313,30,0.4250029999184335,False,0.3391539999597626,0.372088999955622,0.32194400000662426,30,0.4530290000275272,False,0.009136533406045703,0.009180337654219734,0.00912497772110833,30,0.048576001077890396,False,90,0.023075500052982534,0.013938966646936831,0.13830699998607088,0.15451264999910563,0.13200099999721715,30,0.18863100001453859,False,0.13203557199393567,0.33903870418748416,0.3351070422740391,2.2954911897725165,34.74868266139246,True,True,2.452182463605742,37.12064356217887,True,True,-4.53442558421975
64,90,161280,False,1.41238250000697,1.5996736999795758,1.2666640000134066,30,1.475501999948392,False,1.4986555000291446,1.5803605500082085,1.4128569999911633,30,1.574411999968106,False,0.010116683273780637,0.0116655219618867,0.010107706959654645,30,0.06758400052785873,False,82,0.0363595000294481,0.02624281675566746,0.20222500006639166,1.3558300500221718,0.1779539999233748,30,0.29237699993700517,False,0.13860836741843782,0.8458755868201678,0.8272305352306297,6.984213126682045,139.60924364089124,True,True,7.4108319917771155,148.13703854040816,True,True,-31.458342255936767
64,360,645120,False,3.1755965000002107,3.4359729999664523,3.0761369999936505,30,3.3100339999236894,False,3.1478904999744373,3.999798649977035,2.8921709999849554,30,3.335545000027196,False,0.0143695737494797,0.014403147775618757,0.01433757387223791,30,0.07900799810886383,False,61,0.027688999978181528,0.013319426228701827,0.16652599998678852,0.19281915000419755,0.1613229999293253,30,0.23516700002801372,False,0.1714723445409485,3.3800599999835863,3.287848000013583,19.069673806205333,220.99448149011337,True,True,18.90329738433745,219.06637975871882,True,True,2.970313677475235
64,1440,2580480,False,20.560942500026158,22.235195999974167,19.424298999979328,30,12.439403999906062,False,22.642703000030906,28.226944300030247,19.896218999974735,30,19.95113800001036,False,0.03745728015899658,0.03760550391674042,0.037300479412078855,30,0.1308480054140091,False,25,0.05848000000696629,0.02102271984796971,0.28751199999987875,0.31047544999296406,0.2723189999187525,30,0.3739590000577664,False,0.30292825303099125,13.51679765263726,13.130317859145395,71.51333683475761,548.9171240610693,True,True,78.75394070522432,604.4940503933659,True,True,5.361951164166711
64,3600,6451200,False,32.903179499953694,52.734422100058964,31.122545000016544,30,53.19432700002835,False,32.58656500003099,37.16245139993361,29.180795000002036,30,32.41814299997259,False,0.2318336009979248,0.23270208597183228,0.11673599481582642,30,0.3182080090045929,False,5,0.13232349999725557,-0.09951010100066923,0.5306299999574549,0.5676439999888316,0.5112750000080268,30,0.6032100000084029,False,0.5658400700110766,33.79027295794461,32.815257577409014,62.0077634181856,141.92584404642975,True,True,61.411086826307844,140.56014684567953,True,True,6.635521937403624
64,7200,12902400,False,65.96495400003732,75.65317249998314,63.478889000066374,30,64.05125000003409,False,60.8280839999793,72.1769215499819,58.113316999993,30,68.98152500002652,False,0.41676799456278485,0.41754239797592163,0.41574398676554364,30,0.4806079864501953,False,3,0.18668899997464905,-0.2300789945881358,0.7857824999746299,0.8185104500000762,0.764946999993299,30,0.8612909999783369,False,1.0040264316445524,67.57939846679018,65.62349044118172,83.94810778067352,158.27739860216138,True,True,77.41084078856836,145.9519080004972,True,True,27.774089099333317
256,36,258048,False,1.353362000031666,1.4471278999621973,1.2330159999009993,30,1.4071519999561133,False,1.4065745000380048,1.579077000030793,1.3008479999143674,30,1.446170000008351,False,0.011694376883299454,0.013127234534940857,0.011667941791423853,30,0.08079999685287476,False,69,0.024247499993634847,0.012553123110335393,0.3822955000600814,0.4111148499646333,0.36558399995101354,30,0.4737839999506832,False,0.3682110296647865,1.3527124694528516,1.3193540281872203,3.5400939844151242,115.72758544872791,True,True,3.679286049186946,120.2778492667455,True,True,-3.6841841960162647
256,360,2580480,False,12.750568000058138,13.241910800002188,12.355713999909312,30,12.640802999953848,False,12.604042499958723,16.150843749971948,11.546050999982072,30,13.143302000003132,False,0.03626903670805472,0.03633131881554922,0.03615881557817812,30,0.11923199892044067,False,27,0.05012549996763482,0.013856463259580107,0.4955710000444924,0.5164061499897343,0.47840799993537075,30,0.6134209999117957,False,0.5259581198528378,13.51679765263726,13.130317859145395,25.729043868413186,351.5551874921029,True,True,25.433373822978204,347.5152263186407,True,True,6.131738904338077
256,1440,10321920,False,84.50236600003791,89.67814179995912,51.959697999905075,25,51.77424199996494,False,49.22564999998258,87.61902745003452,47.42016299996976,30,93.80870600000435,False,0.3389013210932414,0.33990453084309896,0.14614400267601013,30,0.42204800248146057,False,3,0.16140100001393876,-0.17750032107930264,0.9155789999795161,0.9325154499265409,0.8832919999122169,30,1.0689619999766364,False,1.0517817538130085,54.06374826325196,52.50019729567264,92.2939101944545,249.3420967715523,True,True,53.76450311888312,145.2506878438494,True,True,14.876133445234073
256,3600,25804800,False,130.9427380000443,141.98593000003257,127.6985340000465,16,128.2737060000727,False,121.13349999992806,132.6994884000669,117.3238249999713,17,121.55256799997005,False,0.7698079943656921,0.8986416071653366,0.7680000066757202,30,0.992576003074646,False,2,0.7840460000352323,0.014238005669540144,2.0434305000094355,2.1292033499776153,1.6117430000122113,30,2.23692999998093,False,2.1034290217333504,135.15764948448134,131.2399561687271,64.07985884493732,170.0979191674136,True,True,59.27948124458783,157.35547160657882,True,True,2.936166496665187
1024,1440,41287680,False,333.7203814999725,347.35951875003934,209.19001300001128,10,233.07519200000115,False,192.94051399992895,204.6939269999939,189.89893000002667,11,211.42560300006608,False,1.3598719835281372,1.3618911921977996,0.73990398645401,30,1.5138239860534668,False,1,0.7543079999550173,-0.6055639835731199,3.192569500015452,3.3486561000700017,3.131752000058441,30,4.954314000087834,False,4.047195756941078,216.25155070571074,209.97971504178162,104.53034193879172,245.40573343833984,True,True,60.43424082044107,141.88138026003887,True,True,26.769229516271764
